{"cameraMode":{"drawMode":0,"name":"Shaded","section":"Shading Mode"},"sceneLighting":true,"audioPlay":false,"sceneViewState":{"showFog":true,"showMaterialUpdate":true,"showSkybox":false,"showFlares":true,"showImageEffects":true,"showParticleSystems":true},"in2DMode":false,"pivot":{"x":31.383281707763673,"y":2.4181251525878908,"z":-63.72551727294922},"rotation":{"x":0.07732214778661728,"y":0.013481967151165009,"z":-0.0009264860418625176,"w":0.9970279335975647},"size":13.824991226196289,"orthographic":false}